Workbook

Sheet Total
A1: Instructor | C1: Earnings | D1: Bonus | E1: Total | F1: Rounded | G1: Prepared? | H1: Paid | I1: Notes
A2: Karim Zein | B2: Lagree | C2: ='Karim Zein'!D120 -> 4187 | D2: ='Karim Zein'!E120 -> 293.6 | E2: =SUM(C2:D2)-250 -> 4230.6 | F2: =ROUND(E2,0) -> 4231 | G2: TRUE | H2: TRUE
A3: Sara Assaf | B3: Lagree | C3: ='Sara Assaf'!D77 -> 2435 | D3: ='Sara Assaf'!E77 -> 145.6 | E3: =SUM(C3:D3) -> 2580.6 | F3: =ROUND(E3,0) -> 2581 | G3: TRUE | H3: TRUE
A4: Amusia Sukkar | B4: Mat | C4: ='Amusia Sukkar'!D23 -> 840 | D4: ='Amusia Sukkar'!E23 -> 78.4 | E4: =SUM(C4:D4) -> 918.4 | F4: =ROUND(E4,0) -> 918 | G4: TRUE | H4: TRUE
A5: Joanne Skaff | B5: Lagree | C5: ='Joanne Skaff'!D48 -> 1395 | D5: ='Joanne Skaff'!E48 -> 115.2 | E5: =SUM(C5:D5) -> 1510.2 | F5: =ROUND(E5,0) -> 1510 | G5: TRUE | H5: TRUE
A6: Ghenwa Bazzi | B6: Lagree | C6: ='Ghenwa Bazzi'!D38 -> 1089 | D6: ='Ghenwa Bazzi'!E38 -> 60.8 | E6: =SUM(C6:D6) -> 1149.8 | F6: =ROUND(E6,0) -> 1150 | G6: TRUE | H6: TRUE
A7: Sasha Rustom | B7: Lagree | C7: ='Sasha Rustom'!D20 -> 450 | D7: ='Sasha Rustom'!E20 -> 24 | E7: =SUM(C7:D7) -> 474 | F7: =ROUND(E7,0) -> 474 | G7: TRUE | H7: TRUE
A8: Juliana Haddad | B8: Lagree | C8: ='Juliana Haddad'!D53 -> 1440 | D8: ='Juliana Haddad'!E53 -> 106.8 | E8: =SUM(C8:D8) -> 1546.8 | F8: =ROUND(E8,0) -> 1547 | G8: TRUE | H8: TRUE
A9: Andrea Tambe | B9: Mat | C9: ='Andrea Tambe'!D14 -> 350 | D9: ='Andrea Tambe'!E14 -> 20.8 | E9: =SUM(C9:D9) -> 370.8 | F9: =ROUND(E9,0) -> 371 | G9: TRUE | H9: TRUE
A10: Niki Farnaz | B10: Mat | C10: ='Niki Farnaz'!D20 -> 720 | D10: ='Niki Farnaz'!E20 -> 61.2 | E10: =SUM(C10:D10)-111 -> 670.2 | F10: =ROUND(E10,0) -> 670 | G10: TRUE | H10: TRUE | I10: -111$ for taxes
A11: Yara Jabbour | B11: Mat | C11: ='Yara Jabbour'!D12 -> 124 | D11: ='Yara Jabbour'!E12 -> 9.2 | E11: =SUM(C11:D11) -> 133.2 | F11: =ROUND(E11,0) -> 133 | G11: TRUE | H11: TRUE
A12: Aceel Jawad | B12: Mat | C12: ='Aceel Jawad'!D33 -> 1050 | D12: ='Aceel Jawad'!E33 -> 100 | E12: =SUM(C12:D12) -> 1150 | F12: =ROUND(E12,0) -> 1150 | G12: TRUE | H12: TRUE
A13: ClaraNour Bekhazi | B13: Mat | C13: ='ClaraNour Bekhazi'!D24 -> 950 | D13: 0 | E13: =SUM(C13:D13) -> 950 | F13: =ROUND(E13,0) -> 950 | G13: TRUE | H13: TRUE
A14: Gise Rodriguez | B14: Mat | C14: ='Gise Rodriguez'!D2 -> 40 | D14: ='Gise Rodriguez'!E2 -> 4 | E14: =SUM(C14:D14) -> 44 | F14: =ROUND(E14,0) -> 44 | G14: TRUE | H14: TRUE
A15: Mayssa Takieddine | B15: Lagree | C15: ='Mayssa Takieddine'!D6 -> 120 | D15: ='Mayssa Takieddine'!E6 -> 8 | E15: =SUM(C15:D15) -> 128 | F15: =ROUND(E15,0) -> 128 | G15: TRUE | H15: TRUE
A16: Lauran Tannous | B16: Lagree | C16: ='Laura Tannous'!D10 -> 216 | D16: ='Laura Tannous'!E10 -> 10 | E16: =SUM(C16:D16) -> 226 | F16: =ROUND(E16,0) -> 226 | G16: TRUE | H16: TRUE
A17: SUBTOTAL (INDIRECT) | C17: =SUM(C2:C16) -> 15406 | D17: =SUM(D2:D16) -> 1037.6 | F17: =SUM(F2:F16) -> 16083 | G17: Notes
A18: Name | B18: Base Pay | C18: Notes | D18: Earnings
A19: Mahmoud Dimassi | B19: Base $700 | D19: 595 | E19: TRUE | F19: TRUE
A20: Farah Hachem | B20: Base $1,500 | C20: 408 | D20: =1500+C20 -> 1908 | E20: TRUE | F20: TRUE
A21: Laetitia Bassil | B21: Base $700 | C21: 8.04 | D21: =700+C21 -> 708.04 | E21: TRUE | F21: TRUE
A22: Farah Dagher | B22: Base $5,000 | D22: 5000 | E22: TRUE | F22: TRUE
A23: Michelle Chammas | B23: Base $5,000 | D23: 5000 | E23: TRUE | F23: TRUE
A24: Tandeef (Cleaners) | B24: Base $1,840 + tax | D24: 2070 | E24: TRUE | F24: TRUE
A25: Ghina(Accountant) | B25: Base $200 | D25: 200 | E25: TRUE | F25: TRUE
A26: Gaelle Aoun | B26: Base $219 | C26: 6 days (Jan 26–31) | D26: 42.39 | E26: TRUE | F26: TRUE
A27: Yasmina Nassar | B27: Base $219 | C27: 6 days (Jan 26–31) | D27: 42.39 | E27: TRUE | F27: TRUE
A28: Sara Bouhamad | B28: Base $1500 | C28: 15 days (Jan 17–31) | D28: 725.81 | E28: TRUE | F28: TRUE
A29: SUBTOTAL (DIRECT) | D29: =SUM(D19:D28) -> 16291.63
A31: GRAND TOTAL | D31: =F17+D29 -> 32374.63 | G31: x

Sheet Niki Farnaz
A1: Class Name | B1: Date and Time | C1: Attendees Nbr. | D1: Earnings | E1: Bonus
A2: Hot Mat Pilates - Burn | B2: 46204.333 | C2: 9 | D2: 40 | E2: =C2*$B$24*$C$24 -> 3.6
A3: Hot Mat Pilates -Burn | B3: 46204.375 | C3: 10 | D3: 40 | E3: =C3*$B$24*$C$24 -> 4
A4: Hot Mat Pilates - Burn | B4: 46357.458 | C4: 6 | D4: 40 | E4: =C4*$B$24*$C$24 -> 2.4
A5: Hot Mat Pilates - Burn | B5: 46357.5 | C5: 7 | D5: 40 | E5: =C5*$B$24*$C$24 -> 2.8
A6: Hot Mat Pilates -Burn<i class ="fa fa-info-circle red-text font-size-16" [matTooltip]="'Some clients attended as session(s) owed'" [matTooltipPosition]="'above'"></i> | B6: 13/01/2026 10:00:00 | C6: 9 | D6: 40 | E6: =C6*$B$24*$C$24 -> 3.6
A7: Hot Mat Pilates -Burn | B7: 13/01/2026 11:00:00 | C7: 7 | D7: 40 | E7: =C7*$B$24*$C$24 -> 2.8
A8: Hot Mat Pilates - Burn | B8: 14/01/2026 08:00:00 | C8: 8 | D8: 40 | E8: =C8*$B$24*$C$24 -> 3.2
A9: Hot Mat Pilates -Burn | B9: 14/01/2026 09:00:00 | C9: 11 | D9: 40 | E9: =C9*$B$24*$C$24 -> 4.4
A10: Hot Mat Pilates - Burn | B10: 19/01/2026 11:00:00 | C10: 7 | D10: 40 | E10: =C10*$B$24*$C$24 -> 2.8
A11: Hot Mat Pilates - Burn | B11: 19/01/2026 12:00:00 | C11: 10 | D11: 40 | E11: =C11*$B$24*$C$24 -> 4
A12: Hot Mat Pilates - Burn<i class ="fa fa-info-circle red-text font-size-16" [matTooltip]="'Some clients attended as session(s) owed'" [matTooltipPosition]="'above'"></i> | B12: 21/01/2026 08:00:00 | C12: 10 | D12: 40 | E12: =C12*$B$24*$C$24 -> 4
A13: Hot Mat Pilates -Burn | B13: 21/01/2026 09:00:00 | C13: 10 | D13: 40 | E13: =C13*$B$24*$C$24 -> 4
A14: Hot Mat Pilates - Burn | B14: 26/01/2026 11:00:00 | C14: 4 | D14: 40 | E14: =C14*$B$24*$C$24 -> 1.6
A15: Hot Mat Pilates - Burn | B15: 26/01/2026 12:00:00 | C15: 10 | D15: 40 | E15: =C15*$B$24*$C$24 -> 4
A16: Hot Mat Pilates - Burn | B16: 27/01/2026 10:00:00 | C16: 9 | D16: 40 | E16: =C16*$B$24*$C$24 -> 3.6
A17: Hot Mat Pilates - Burn | B17: 27/01/2026 11:00:00 | C17: 10 | D17: 40 | E17: =C17*$B$24*$C$24 -> 4
... A19: Hot Mat Pilates -Burn | B19: 28/01/2026 09:00:00 | C19: 6 | D19: 40 | E19: =C19*$B$24*$C$24 -> 2.4
B20: Total | C20: =SUM(C2:C19) -> 153 | D20: =SUM(D2:D19) -> 720 | E20: =SUM(E2:E19) -> 61.2
A24: Bonus | B24: 20 | C24: 0.02

Sheet Amusia Sukkar
A1: Class Name | B1: Date and Time | C1: Attendees Nbr. | D1: Earnings | E1: Bonus
A2: Hot Mat Pilates - Move | B2: 46204.75 | C2: 12 | D2: 40 | E2: =C2*$B$27*$C$27 -> 4.8
A3: Hot Mat Pilates - Move<i class ="fa fa-info-circle red-text font-size-16" [matTooltip]="'Some clients attended as session(s) owed'" [matTooltipPosition]="'above'"></i> | B3: 46204.792 | C3: 12 | D3: 40 | E3: =C3*$B$27*$C$27 -> 4.8
A4: Hot Mat Pilates - Move | B4: 46204.833 | C4: 10 | D4: 40 | E4: =C4*$B$27*$C$27 -> 4
A5: Hot Mat Pilates - Move<i class ="fa fa-info-circle red-text font-size-16" [matTooltip]="'Some clients attended as session(s) owed'" [matTooltipPosition]="'above'"></i> | B5: 46296.375 | C5: 8 | D5: 40 | E5: =C5*$B$27*$C$27 -> 3.2
A6: Hot Mat Pilates - Move | B6: 46296.417 | C6: 8 | D6: 40 | E6: =C6*$B$27*$C$27 -> 3.2
A7: Hot Mat Pilates - Move | B7: 14/01/2026 18:00:00 | C7: 10 | D7: 40 | E7: =C7*$B$27*$C$27 -> 4
A8: Hot Mat Pilates - Move | B8: 14/01/2026 19:00:00 | C8: 9 | D8: 40 | E8: =C8*$B$27*$C$27 -> 3.6
A9: Hot Mat Pilates - Move<i class ="fa fa-info-circle red-text font-size-16" [matTooltip]="'Some clients attended as session(s) owed'" [matTooltipPosition]="'above'"></i> | B9: 14/01/2026 20:00:00 | C9: 9 | D9: 40 | E9: =C9*$B$27*$C$27 -> 3.6
A10: Hot Mat Pilates - Move | B10: 17/01/2026 09:00:00 | C10: 5 | D10: 40 | E10: =C10*$B$27*$C$27 -> 2
A11: Hot Mat Pilates - Move | B11: 17/01/2026 10:00:00 | C11: 10 | D11: 40 | E11: =C11*$B$27*$C$27 -> 4
A12: Hot Mat Pilates - Move | B12: 19/01/2026 19:00:00 | C12: 11 | D12: 40 | E12: =C12*$B$27*$C$27 -> 4.4
A13: Hot Mat Pilates - Move | B13: 21/01/2026 18:00:00 | C13: 8 | D13: 40 | E13: =C13*$B$27*$C$27 -> 3.2
A14: Hot Mat Pilates - Move | B14: 21/01/2026 19:00:00 | C14: 9 | D14: 40 | E14: =C14*$B$27*$C$27 -> 3.6
A15: Hot Mat Pilates - Move | B15: 21/01/2026 20:00:00 | C15: 8 | D15: 40 | E15: =C15*$B$27*$C$27 -> 3.2
A16: Hot Mat Pilates - Move | B16: 24/01/2026 09:00:00 | C16: 9 | D16: 40 | E16: =C16*$B$27*$C$27 -> 3.6
A17: Hot Mat Pilates - Move<i class ="fa fa-info-circle red-text font-size-16" [matTooltip]="'Some clients attended as session(s) owed'" [matTooltipPosition]="'above'"></i> | B17: 24/01/2026 10:00:00 | C17: 10 | D17: 40 | E17: =C17*$B$27*$C$27 -> 4
A18: Hot Mat Pilates - Move | B18: 28/01/2026 18:00:00 | C18: 10 | D18: 40 | E18: =C18*$B$27*$C$27 -> 4
... A22: Hot Mat Pilates - Move<i class ="fa fa-info-circle red-text font-size-16" [matTooltip]="'Some clients attended as session(s) owed'" [matTooltipPosition]="'above'"></i> | B22: 31/01/2026 10:00:00 | C22: 9 | D22: 40 | E22: =C22*$B$27*$C$27 -> 3.6
B23: Total | C23: =SUM(C2:C22) -> 196 | D23: =SUM(D2:D22) -> 840 | E23: =SUM(E2:E22) -> 78.4
A27: Bonus | B27: 20 | C27: 0.02

Sheet Yara Jabbour
A1: Class Name | B1: Date and Time | C1: Attendees Nbr. | D1: Earnings | E1: Bonus
A2: Hot Flow Slow - Yoga | B2: 46143.75 | C2: 10 | D2: 31 | E2: =C2*$B$16*$C$16 -> 4
A3: Hot Flow Slow - Yoga | B3: 46357.75 | C3: 1 | D3: 31 | E3: =C3*$B$16*$C$16 -> 0.4
A4: Hot Flow Slow - Yoga | B4: 19/01/2026 18:00:00 | C4: 3 | D4: 31 | E4: =C4*$B$16*$C$16 -> 1.2
A5: Hot Flow Slow - Yoga | B5: 26/01/2026 18:00:00 | C5: 9 | D5: 31 | E5: =C5*$B$16*$C$16 -> 3.6
B12: Total | C12: =SUM(C2:C11) -> 23 | D12: =SUM(D2:D11) -> 124 | E12: =SUM(E2:E11) -> 9.2
A16: Bonus | B16: 20 | C16: 0.02

Sheet Joanne Skaff
A1: Class Name | B1: Date and Time | C1: Attendees Nbr. | D1: Earnings | E1: Bonus
A2: Hot Mat Pilates - Move | B2: 46054.375 | C2: 11 | D2: 35 | E2: =C2*$B$50*$C$50 -> 4.4
A3: Lagree Mega Pro | B3: 46054.458 | C3: 6 | D3: 30 | E3: =C3*$B$50*$C$50 -> 2.4
A4: Hot Mat Pilates - Move<i class ="fa fa-info-circle red-text font-size-16" [matTooltip]="'Some clients attended as session(s) owed'" [matTooltipPosition]="'above'"></i> | B4: 46082.375 | C4: 8 | D4: 35 | E4: =C4*$B$50*$C$50 -> 3.2
A5: Hot Mat Pilates - Move<i class ="fa fa-info-circle red-text font-size-16" [matTooltip]="'Some clients attended as session(s) owed'" [matTooltipPosition]="'above'"></i> | B5: 46082.417 | C5: 10 | D5: 35 | E5: =C5*$B$50*$C$50 -> 4
A6: Hot Mat Pilates -Move <i class ="fa fa-info-circle red-text font-size-16" [matTooltip]="'Some clients attended as session(s) owed'" [matTooltipPosition]="'above'"></i> | B6: 46113.375 | C6: 10 | D6: 35 | E6: =C6*$B$50*$C$50 -> 4
A7: Hot Mat Pilates -Move <i class ="fa fa-info-circle red-text font-size-16" [matTooltip]="'Some clients attended as session(s) owed'" [matTooltipPosition]="'above'"></i> | B7: 46113.417 | C7: 9 | D7: 35 | E7: =C7*$B$50*$C$50 -> 3.6
A8: Unheated Mat Pilates - Move | B8: 46113.5 | C8: 10 | D8: 35 | E8: =C8*$B$50*$C$50 -> 4
A9: Lagree Mega Pro | B9: 46143.375 | C9: 6 | D9: 30 | E9: =C9*$B$50*$C$50 -> 2.4
A10: Lagree Mega Pro | B10: 46143.417 | C10: 6 | D10: 30 | E10: =C10*$B$50*$C$50 -> 2.4
A11: Hot Mat Pilates - Move | B11: 46143.458 | C11: 8 | D11: 35 | E11: =C11*$B$50*$C$50 -> 3.2
A12: Lagree Mega Pro | B12: 46143.708 | C12: 3 | D12: 30 | E12: =C12*$B$50*$C$50 -> 1.2
A13: Hot Mat Pilates - Move | B13: 46143.792 | C13: 8 | D13: 35 | E13: =C13*$B$50*$C$50 -> 3.2
... A28: Hot Mat Pilates - Move<i class ="fa fa-info-circle red-text font-size-16" [matTooltip]="'Some clients attended as session(s) owed'" [matTooltipPosition]="'above'"></i> | B28: 46357.833 | C28: 10 | D28: 35 | E28: =C28*$B$50*$C$50 -> 4
A29: Hot Mat Pilates - Move<i class ="fa fa-info-circle red-text font-size-16" [matTooltip]="'Some clients attended as session(s) owed'" [matTooltipPosition]="'above'"></i> | B29: 13/01/2026 18:00:00 | C29: 11 | D29: 35 | E29: =C29*$B$50*$C$50 -> 4.4
A30: Hot Mat Pilates - Move | B30: 13/01/2026 19:00:00 | C30: 10 | D30: 35 | E30: =C30*$B$50*$C$50 -> 4
A31: Hot Mat Pilates-Move | B31: 15/01/2026 09:00:00 | C31: 6 | D31: 35 | E31: =C31*$B$50*$C$50 -> 2.4
A32: Hot Mat Pilates -Move | B32: 15/01/2026 10:00:00 | C32: 3 | D32: 35 | E32: =C32*$B$50*$C$50 -> 1.2
A33: Unheated Mat Pilates - Move | B33: 18/01/2026 12:00:00 | C33: 7 | D33: 35 | E33: =C33*$B$50*$C$50 -> 2.8
A34: Lagree Mega Pro<i class ="fa fa-info-circle red-text font-size-16" [matTooltip]="'Some clients attended as session(s) owed'" [matTooltipPosition]="'above'"></i> | B34: 19/01/2026 09:00:00 | C34: 4 | D34: 30 | E34: =C34*$B$50*$C$50 -> 1.6
A35: Lagree Mega Pro | B35: 19/01/2026 17:00:00 | C35: 5 | D35: 30 | E35: =C35*$B$50*$C$50 -> 2
A36: Lagree Mega Pro | B36: 21/01/2026 11:00:00 | C36: 3 | D36: 30 | E36: =C36*$B$50*$C$50 -> 1.2
A37: Lagree Mega Pro | B37: 23/01/2026 11:00:00 | C37: 1 | D37: 30 | E37: =C37*$B$50*$C$50 -> 0.4
A38: Unheated Mat Pilates - Move | B38: 25/01/2026 12:00:00 | C38: 6 | D38: 35 | E38: =C38*$B$50*$C$50 -> 2.4
A39: Lagree Mega Pro | B39: 27/01/2026 17:00:00 | C39: 2 | D39: 30 | E39: =C39*$B$50*$C$50 -> 0.8
A40: Lagree Mega Pro[Lower Focus & Core] | B40: 27/01/2026 18:00:00 | C40: 6 | D40: 30 | E40: =C40*$B$50*$C$50 -> 2.4
... A43: Lagree Mega Pro | B43: 30/01/2026 11:00:00 | C43: 3 | D43: 30 | E43: =C43*$B$50*$C$50 -> 1.2
B48: Total | C48: =SUM(C2:C43) -> 288 | D48: =SUM(D2:D43) -> 1395 | E48: =SUM(E2:E43) -> 115.2
A50: Bonus | B50: 20 | C50: 0.02

Sheet Ghenwa Bazzi
A1: Class Name | B1: Date and Time | C1: Attendees Nbr. | D1: Earnings | E1: Bonus
A2: Lagree Mega Pro<i class ="fa fa-info-circle red-text font-size-16" [matTooltip]="'Some clients attended as session(s) owed'" [matTooltipPosition]="'above'"></i> | B2: 46054.5 | C2: 7 | D2: 33 | E2: =C2*$B$40*$C$40 -> 2.8
A3: Lagree Mega Pro | B3: 46174.5 | C3: 3 | D3: 33 | E3: =C3*$B$40*$C$40 -> 1.2
A4: Lagree Mega Pro | B4: 46174.792 | C4: 6 | D4: 33 | E4: =C4*$B$40*$C$40 -> 2.4
A5: Lagree Mega Pro | B5: 46204.5 | C5: 4 | D5: 33 | E5: =C5*$B$40*$C$40 -> 1.6
A6: Lagree Mega Pro[Lower Focus & Core] | B6: 46204.75 | C6: 5 | D6: 33 | E6: =C6*$B$40*$C$40 -> 2
A7: Lagree Mega Pro | B7: 46204.792 | C7: 6 | D7: 33 | E7: =C7*$B$40*$C$40 -> 2.4
A8: Lagree Mega Pro | B8: 46235.458 | C8: 5 | D8: 33 | E8: =C8*$B$40*$C$40 -> 2
A9: Lagree Mega Pro<i class ="fa fa-info-circle red-text font-size-16" [matTooltip]="'Some clients attended as session(s) owed'" [matTooltipPosition]="'above'"></i> | B9: 46266.5 | C9: 6 | D9: 33 | E9: =C9*$B$40*$C$40 -> 2.4
A10: Lagree Mega Pro | B10: 46266.542 | C10: 3 | D10: 33 | E10: =C10*$B$40*$C$40 -> 1.2
A11: Lagree Mega Pro | B11: 46357.5 | C11: 6 | D11: 33 | E11: =C11*$B$40*$C$40 -> 2.4
A12: Lagree Mega Pro<i class ="fa fa-info-circle red-text font-size-16" [matTooltip]="'Some clients attended as session(s) owed'" [matTooltipPosition]="'above'"></i> | B12: 46357.792 | C12: 4 | D12: 33 | E12: =C12*$B$40*$C$40 -> 1.6
A13: Lagree Mega Pro | B13: 13/01/2026 19:00:00 | C13: 5 | D13: 33 | E13: =C13*$B$40*$C$40 -> 2
A14: Lagree Mega Pro | B14: 14/01/2026 12:00:00 | C14: 5 | D14: 33 | E14: =C14*$B$40*$C$40 -> 2
A15: Lagree Mega Pro[Lower Focus & Core] | B15: 14/01/2026 18:00:00 | C15: 4 | D15: 33 | E15: =C15*$B$40*$C$40 -> 1.6
A16: Lagree Mega Pro | B16: 14/01/2026 19:00:00 | C16: 6 | D16: 33 | E16: =C16*$B$40*$C$40 -> 2.4
A17: Lagree Mega Pro | B17: 19/01/2026 12:00:00 | C17: 2 | D17: 33 | E17: =C17*$B$40*$C$40 -> 0.8
A18: Lagree Mega Pro<i class ="fa fa-info-circle red-text font-size-16" [matTooltip]="'Some clients attended as session(s) owed'" [matTooltipPosition]="'above'"></i> | B18: 19/01/2026 19:00:00 | C18: 6 | D18: 33 | E18: =C18*$B$40*$C$40 -> 2.4
A19: Lagree Mega Pro | B19: 20/01/2026 12:00:00 | C19: 2 | D19: 33 | E19: =C19*$B$40*$C$40 -> 0.8
A20: Lagree Mega Pro | B20: 20/01/2026 19:00:00 | C20: 6 | D20: 33 | E20: =C20*$B$40*$C$40 -> 2.4
A21: Lagree Mega Pro | B21: 20/01/2026 20:00:00 | C21: 6 | D21: 33 | E21: =C21*$B$40*$C$40 -> 2.4
A22: Lagree Mega Pro | B22: 21/01/2026 12:00:00 | C22: 3 | D22: 33 | E22: =C22*$B$40*$C$40 -> 1.2
A23: Lagree Mega Pro[Lower Focus & Core] | B23: 21/01/2026 18:00:00 | C23: 5 | D23: 33 | E23: =C23*$B$40*$C$40 -> 2
A24: Lagree Mega Pro | B24: 21/01/2026 19:00:00 | C24: 1 | D24: 33 | E24: =C24*$B$40*$C$40 -> 0.4
... A34: Lagree Mega Pro<i class ="fa fa-info-circle red-text font-size-16" [matTooltip]="'Some clients attended as session(s) owed'" [matTooltipPosition]="'above'"></i> | B34: 30/01/2026 12:00:00 | C34: 3 | D34: 33 | E34: =C34*$B$40*$C$40 -> 1.2
B38: Total | C38: =SUM(C1:C34) -> 152 | D38: =SUM(D1:D36) -> 1089 | E38: =SUM(E1:E36) -> 60.8
A40: Bonus | B40: 20 | C40: 0.02

Sheet Karim Zein
A1: Class Name | B1: Date and Time | C1: Attendees Nbr. | D1: Earnings | E1: Bonus
A2: Lagree Mega Pro | B2: 46054.375 | C2: 6 | D2: 36 | E2: =C2*$B$124*$C$124 -> 2.4
A3: Lagree Mega Pro | B3: 46054.417 | C3: 5 | D3: 36 | E3: =C3*$B$124*$C$124 -> 2
A4: Lagree Mega Pro | B4: 46054.542 | C4: 6 | D4: 36 | E4: =C4*$B$124*$C$124 -> 2.4
A5: Hot Sculpt | B5: 46054.583 | C5: 12 | D5: 35 | E5: =C5*$B$124*$C$124 -> 4.8
A6: Lagree Mega Pro | B6: 46054.708 | C6: 6 | D6: 36 | E6: =C6*$B$124*$C$124 -> 2.4
A7: Lagree Mega Pro | B7: 46054.75 | C7: 6 | D7: 36 | E7: =C7*$B$124*$C$124 -> 2.4
A8: Lagree Mega Pro<i class ="fa fa-info-circle red-text font-size-16" [matTooltip]="'Some clients attended as session(s) owed'" [matTooltipPosition]="'above'"></i> | B8: 46054.792 | C8: 7 | D8: 36 | E8: =C8*$B$124*$C$124 -> 2.8
A9: Lagree Mega Pro | B9: 46054.833 | C9: 5 | D9: 36 | E9: =C9*$B$124*$C$124 -> 2
A10: Lagree Mega Pro | B10: 46082.417 | C10: 5 | D10: 36 | E10: =C10*$B$124*$C$124 -> 2
A11: Hot Sculpt <i class ="fa fa-info-circle red-text font-size-16" [matTooltip]="'Some clients attended as session(s) owed'" [matTooltipPosition]="'above'"></i> | B11: 46082.458 | C11: 11 | D11: 35 | E11: =C11*$B$124*$C$124 -> 4.4
A12: Lagree Mega Pro [Upper Focus & Core]<i class ="fa fa-info-circle red-text font-size-16" [matTooltip]="'Some clients attended as session(s) owed'" [matTooltipPosition]="'above'"></i> | B12: 46082.5 | C12: 6 | D12: 36 | E12: =C12*$B$124*$C$124 -> 2.4
A13: Lagree Mega Pro | B13: 46082.542 | C13: 7 | D13: 36 | E13: =C13*$B$124*$C$124 -> 2.8
... A58: Lagree Mega Pro<i class ="fa fa-info-circle red-text font-size-16" [matTooltip]="'Some clients attended as session(s) owed'" [matTooltipPosition]="'above'"></i> | B58: 46357.875 | C58: 3 | D58: 36 | E58: =C58*$B$124*$C$124 -> 1.2
A59: Lagree Mega Pro | B59: 13/01/2026 09:00:00 | C59: 5 | D59: 36 | E59: =C59*$B$124*$C$124 -> 2
A60: Lagree Mega Pro | B60: 13/01/2026 12:00:00 | C60: 3 | D60: 36 | E60: =C60*$B$124*$C$124 -> 1.2
A61: Lagree Mega Pro | B61: 13/01/2026 13:00:00 | C61: 4 | D61: 36 | E61: =C61*$B$124*$C$124 -> 1.6
A62: Lagree Mega Pro | B62: 13/01/2026 17:00:00 | C62: 5 | D62: 36 | E62: =C62*$B$124*$C$124 -> 2
A63: Lagree Mega Pro[Lower Focus & Core] | B63: 13/01/2026 18:00:00 | C63: 6 | D63: 36 | E63: =C63*$B$124*$C$124 -> 2.4
A64: Hot Sculpt <i class ="fa fa-info-circle red-text font-size-16" [matTooltip]="'Some clients attended as session(s) owed'" [matTooltipPosition]="'above'"></i> | B64: 13/01/2026 20:00:00 | C64: 11 | D64: 35 | E64: =C64*$B$124*$C$124 -> 4.4
A65: Lagree Mega Pro | B65: 13/01/2026 21:00:00 | C65: 4 | D65: 36 | E65: =C65*$B$124*$C$124 -> 1.6
A66: Unheated Sculpt | B66: 14/01/2026 11:00:00 | C66: 11 | D66: 35 | E66: =C66*$B$124*$C$124 -> 4.4
A67: Lagree Mega Pro | B67: 14/01/2026 20:00:00 | C67: 5 | D67: 36 | E67: =C67*$B$124*$C$124 -> 2
A68: Hot Sculpt | B68: 15/01/2026 11:00:00 | C68: 9 | D68: 35 | E68: =C68*$B$124*$C$124 -> 3.6
A69: Lagree Mega Pro | B69: 15/01/2026 17:00:00 | C69: 6 | D69: 36 | E69: =C69*$B$124*$C$124 -> 2.4
A70: Lagree Mega Pro | B70: 15/01/2026 18:00:00 | C70: 6 | D70: 36 | E70: =C70*$B$124*$C$124 -> 2.4
... A118: Lagree Mega Pro <i class ="fa fa-info-circle red-text font-size-16" [matTooltip]="'Some clients attended as session(s) owed'" [matTooltipPosition]="'above'"></i> | B118: 24/01/2026 18:00:00 | C118: 6 | D118: 36 | E118: =C118*$B$124*$C$124 -> 2.4
B120: Total | C120: =SUM(C2:C118) -> 734 | D120: =SUM(D2:D118) -> 4187 | E120: =SUM(E2:E118) -> 293.6
A124: Bonus | B124: 20 | C124: 0.02

Sheet Sasha Rustom
A1: Class Name | B1: Date and Time | C1: Attendees Nbr. | D1: Earnings | E1: Bonus
A2: Lagree Mega Pro | B2: 46174.333 | C2: 3 | D2: 30 | E2: =C2*$B$24*$C$24 -> 1.2
A3: Lagree Mega Pro | B3: 46174.375 | C3: 3 | D3: 30 | E3: =C3*$B$24*$C$24 -> 1.2
A4: Lagree Mega Pro | B4: 46174.417 | C4: 6 | D4: 30 | E4: =C4*$B$24*$C$24 -> 2.4
A5: Lagree Mega Pro | B5: 46174.458 | C5: 5 | D5: 30 | E5: =C5*$B$24*$C$24 -> 2
A6: Lagree Mega Pro | B6: 46174.708 | C6: 3 | D6: 30 | E6: =C6*$B$24*$C$24 -> 1.2
A7: Lagree Mega Pro | B7: 46204.333 | C7: 1 | D7: 30 | E7: =C7*$B$24*$C$24 -> 0.4
A8: Lagree Mega Pro[Lower Focus & Core]<i class ="fa fa-info-circle red-text font-size-16" [matTooltip]="'Some clients attended as session(s) owed'" [matTooltipPosition]="'above'"></i> | B8: 46204.375 | C8: 6 | D8: 30 | E8: =C8*$B$24*$C$24 -> 2.4
A9: Lagree Mega Pro | B9: 46235.333 | C9: 4 | D9: 30 | E9: =C9*$B$24*$C$24 -> 1.6
A10: Lagree Mega Pro | B10: 46235.375 | C10: 2 | D10: 30 | E10: =C10*$B$24*$C$24 -> 0.8
A11: Lagree Mega Pro | B11: 46235.417 | C11: 6 | D11: 30 | E11: =C11*$B$24*$C$24 -> 2.4
A12: Lagree Mega Pro | B12: 46235.708 | C12: 6 | D12: 30 | E12: =C12*$B$24*$C$24 -> 2.4
A13: Lagree Mega Pro | B13: 20/01/2026 09:00:00 | C13: 5 | D13: 30 | E13: =C13*$B$24*$C$24 -> 2
A14: Lagree Mega Pro | B14: 20/01/2026 10:00:00 | C14: 4 | D14: 30 | E14: =C14*$B$24*$C$24 -> 1.6
A15: Lagree Mega Pro | B15: 20/01/2026 11:00:00 | C15: 3 | D15: 30 | E15: =C15*$B$24*$C$24 -> 1.2
A16: Lagree Mega Pro | B16: 22/01/2026 08:00:00 | C16: 3 | D16: 30 | E16: =C16*$B$24*$C$24 -> 1.2
B20: Total | C20: =SUM(C2:C16) -> 60 | D20: =SUM(D1:D16) -> 450 | E20: =SUM(E1:E16) -> 24
A24: Bonus | B24: 20 | C24: 0.02

Sheet Andrea Tambe
A1: Class Name | B1: Date and Time | C1: Attendees Nbr. | D1: Earnings | E1: Bonus
A2: Hot Flow Slow - Yoga | B2: 46054.417 | C2: 7 | D2: 35 | E2: =C2*$B$18*$C$18 -> 2.8
A3: Hot Flow Slow - Yoga<i class ="fa fa-info-circle red-text font-size-16" [matTooltip]="'Some clients attended as session(s) owed'" [matTooltipPosition]="'above'"></i> | B3: 46113.458 | C3: 3 | D3: 35 | E3: =C3*$B$18*$C$18 -> 1.2
A4: Hot Flow Slow - Yoga | B4: 46204.708 | C4: 4 | D4: 35 | E4: =C4*$B$18*$C$18 -> 1.6
A5: Hot Flow Slow - Yoga | B5: 46266.417 | C5: 10 | D5: 35 | E5: =C5*$B$18*$C$18 -> 4
A6: Hot Flow Slow - Yoga<i class ="fa fa-info-circle red-text font-size-16" [matTooltip]="'Some clients attended as session(s) owed'" [matTooltipPosition]="'above'"></i> | B6: 46327.458 | C6: 7 | D6: 35 | E6: =C6*$B$18*$C$18 -> 2.8
A7: Hot Flow Slow - Yoga | B7: 16/01/2026 10:00:00 | C7: 4 | D7: 35 | E7: =C7*$B$18*$C$18 -> 1.6
A8: Hot Flow Slow - Yoga | B8: 18/01/2026 11:00:00 | C8: 6 | D8: 35 | E8: =C8*$B$18*$C$18 -> 2.4
A9: Hot Flow Slow - Yoga | B9: 23/01/2026 10:00:00 | C9: 4 | D9: 35 | E9: =C9*$B$18*$C$18 -> 1.6
A10: Hot Flow Slow - Yoga | B10: 28/01/2026 17:00:00 | C10: 2 | D10: 35 | E10: =C10*$B$18*$C$18 -> 0.8
A11: Hot Flow Slow - Yoga | B11: 30/01/2026 10:00:00 | C11: 5 | D11: 35 | E11: =C11*$B$18*$C$18 -> 2
B14: Total | C14: =SUM(C2:C12) -> 52 | D14: =SUM(D2:D13) -> 350 | E14: =SUM(E2:E13) -> 20.8
A18: Bonus | B18: 20 | C18: 0.02

Sheet Sara Assaf
A1: Class Name | B1: Date and Time | C1: Attendees Nbr. | D1: Earnings | E1: Bonus
A2: Lagree Mega Pro | B2: 46357.333 | C2: 3 | D2: 35 | E2: =C2*$B$81*$C$81 -> 1.2
A3: Hot Barre-Burn | B3: 46357.375 | C3: 6 | D3: 30 | E3: =C3*$B$81*$C$81 -> 2.4
A4: Lagree Mega Pro<i class ="fa fa-info-circle red-text font-size-16" [matTooltip]="'Some clients attended as session(s) owed'" [matTooltipPosition]="'above'"></i> | B4: 46357.417 | C4: 6 | D4: 35 | E4: =C4*$B$81*$C$81 -> 2.4
A5: Lagree Mega Pro | B5: 46357.458 | C5: 5 | D5: 35 | E5: =C5*$B$81*$C$81 -> 2
A6: Lagree Mega Pro | B6: 13/01/2026 08:00:00 | C6: 4 | D6: 35 | E6: =C6*$B$81*$C$81 -> 1.6
A7: Hot Barre-Burn | B7: 13/01/2026 09:00:00 | C7: 5 | D7: 30 | E7: =C7*$B$81*$C$81 -> 2
A8: Lagree Mega Pro | B8: 13/01/2026 10:00:00 | C8: 4 | D8: 35 | E8: =C8*$B$81*$C$81 -> 1.6
A9: Lagree Mega Pro | B9: 13/01/2026 11:00:00 | C9: 3 | D9: 35 | E9: =C9*$B$81*$C$81 -> 1.2
A10: Lagree Mega Pro | B10: 14/01/2026 07:00:00 | C10: 2 | D10: 35 | E10: =C10*$B$81*$C$81 -> 0.8
A11: Lagree Mega Pro | B11: 14/01/2026 08:00:00 | C11: 6 | D11: 35 | E11: =C11*$B$81*$C$81 -> 2.4
A12: Lagree Mega Pro[Lower Focus & Core] | B12: 14/01/2026 09:00:00 | C12: 1 | D12: 35 | E12: =C12*$B$81*$C$81 -> 0.4
A13: Lagree Mega Pro | B13: 14/01/2026 17:00:00 | C13: 5 | D13: 35 | E13: =C13*$B$81*$C$81 -> 2
A14: Lagree Mega Pro<i class ="fa fa-info-circle red-text font-size-16" [matTooltip]="'Some clients attended as session(s) owed'" [matTooltipPosition]="'above'"></i> | B14: 15/01/2026 08:00:00 | C14: 7 | D14: 35 | E14: =C14*$B$81*$C$81 -> 2.8
A15: Lagree Mega Pro | B15: 15/01/2026 09:00:00 | C15: 4 | D15: 35 | E15: =C15*$B$81*$C$81 -> 1.6
A16: Lagree Mega Pro | B16: 15/01/2026 11:00:00 | C16: 6 | D16: 35 | E16: =C16*$B$81*$C$81 -> 2.4
A17: Lagree Mega Pro | B17: 15/01/2026 12:00:00 | C17: 2 | D17: 35 | E17: =C17*$B$81*$C$81 -> 0.8
... A73: Lagree Mega Pro | B73: 31/01/2026 13:00:00 | C73: 4 | D73: 35 | E73: =C73*$B$81*$C$81 -> 1.6
B77: Total | C77: =SUM(C2:C73) -> 364 | D77: =SUM(D2:D75) -> 2435 | E77: =SUM(E2:E75) -> 145.6
A81: Bonus | B81: 20 | C81: 0.02

Sheet Juliana Haddad
A1: Class Name | B1: Date and Time | C1: Attendees Nbr. | D1: Earnings | E1: Bonus
A2: Lagree Mega Pro | B2: 46054.292 | C2: 4 | D2: 30 | E2: =C2*$B$56*$C$56 -> 1.6
A3: Hot Barre-Burn | B3: 46054.333 | C3: 9 | D3: 30 | E3: =C3*$B$56*$C$56 -> 3.6
A4: Lagree Mega Pro[Lower Focus & Core] | B4: 46082.375 | C4: 6 | D4: 30 | E4: =C4*$B$56*$C$56 -> 2.4
A5: Lagree Mega Pro | B5: 46082.458 | C5: 6 | D5: 30 | E5: =C5*$B$56*$C$56 -> 2.4
A6: Hot Barre-Burn<i class ="fa fa-info-circle red-text font-size-16" [matTooltip]="'Some clients attended as session(s) owed'" [matTooltipPosition]="'above'"></i> | B6: 46082.542 | C6: 11 | D6: 30 | E6: =C6*$B$56*$C$56 -> 4.4
A7: Lagree Mega Pro | B7: 46113.375 | C7: 4 | D7: 30 | E7: =C7*$B$56*$C$56 -> 1.6
A8: Lagree Mega Pro | B8: 46113.417 | C8: 6 | D8: 30 | E8: =C8*$B$56*$C$56 -> 2.4
A9: Lagree Mega Pro | B9: 46143.333 | C9: 6 | D9: 30 | E9: =C9*$B$56*$C$56 -> 2.4
A10: Lagree Mega Pro | B10: 46174.292 | C10: 2 | D10: 30 | E10: =C10*$B$56*$C$56 -> 0.8
A11: Lagree Mega Pro | B11: 46204.292 | C11: 5 | D11: 30 | E11: =C11*$B$56*$C$56 -> 2
A12: Lagree Mega Pro | B12: 46235.292 | C12: 7 | D12: 30 | E12: =C12*$B$56*$C$56 -> 2.8
A13: Hot Barre-Burn | B13: 46235.333 | C13: 1 | D13: 30 | E13: =C13*$B$56*$C$56 -> 0.4
... A23: Hot Barre - Burn | B23: 46357.333 | C23: 3 | D23: 30 | E23: =C23*$B$56*$C$56 -> 1.2
A24: Lagree Mega Pro | B24: 13/01/2026 07:00:00 | C24: 6 | D24: 30 | E24: =C24*$B$56*$C$56 -> 2.4
A25: Lagree Mega Pro | B25: 15/01/2026 07:00:00 | C25: 6 | D25: 30 | E25: =C25*$B$56*$C$56 -> 2.4
A26: Hot Barre-Burn | B26: 15/01/2026 08:00:00 | C26: 5 | D26: 30 | E26: =C26*$B$56*$C$56 -> 2
A27: Lagree Mega Pro | B27: 17/01/2026 11:00:00 | C27: 6 | D27: 30 | E27: =C27*$B$56*$C$56 -> 2.4
A28: Hot Barre-Burn | B28: 17/01/2026 13:00:00 | C28: 10 | D28: 30 | E28: =C28*$B$56*$C$56 -> 4
A29: Lagree Mega Pro | B29: 18/01/2026 09:00:00 | C29: 4 | D29: 30 | E29: =C29*$B$56*$C$56 -> 1.6
A30: Lagree Mega Pro | B30: 18/01/2026 10:00:00 | C30: 6 | D30: 30 | E30: =C30*$B$56*$C$56 -> 2.4
A31: Lagree Mega Pro | B31: 20/01/2026 07:00:00 | C31: 6 | D31: 30 | E31: =C31*$B$56*$C$56 -> 2.4
A32: Lagree Mega Pro | B32: 20/01/2026 08:00:00 | C32: 4 | D32: 30 | E32: =C32*$B$56*$C$56 -> 1.6
A33: Lagree Mega Pro | B33: 22/01/2026 07:00:00 | C33: 5 | D33: 30 | E33: =C33*$B$56*$C$56 -> 2
A34: Hot Barre-Burn | B34: 22/01/2026 08:00:00 | C34: 5 | D34: 30 | E34: =C34*$B$56*$C$56 -> 2
A35: Hot Barre-Burn | B35: 23/01/2026 08:00:00 | C35: 6 | D35: 30 | E35: =C35*$B$56*$C$56 -> 2.4
... A49: Hot Barre-Burn | B49: 31/01/2026 13:00:00 | C49: 9 | D49: 30 | E49: =C49*$B$56*$C$56 -> 3.6
B53: Total | C53: =SUM(C39:C49) -> 59 | D53: =SUM(D2:D50) -> 1440 | E53: =SUM(E2:E50) -> 106.8
A56: Bonus | B56: 20 | C56: 0.02

Sheet Aceel Jawad
A1: Class Name | B1: Date and Time | C1: Attendees Nbr. | D1: Earnings | E1: Bonus
A2: Hot Mat Pilates-Burn<i class ="fa fa-info-circle red-text font-size-16" [matTooltip]="'Some clients attended as session(s) owed'" [matTooltipPosition]="'above'"></i> | B2: 46054.5 | C2: 10 | D2: 35 | E2: =C2*$B$36*$C$36 -> 4
A3: Hot Mat Pilates -Burn<i class ="fa fa-info-circle red-text font-size-16" [matTooltip]="'Some clients attended as session(s) owed'" [matTooltipPosition]="'above'"></i> | B3: 46143.5 | C3: 11 | D3: 35 | E3: =C3*$B$36*$C$36 -> 4.4
A4: Hot Mat Pilates - Burn | B4: 46143.708 | C4: 10 | D4: 35 | E4: =C4*$B$36*$C$36 -> 4
A5: Hot Mat Pilates -Burn | B5: 46174.708 | C5: 10 | D5: 35 | E5: =C5*$B$36*$C$36 -> 4
A6: Hot Mat Pilates - Burn<i class ="fa fa-info-circle red-text font-size-16" [matTooltip]="'Some clients attended as session(s) owed'" [matTooltipPosition]="'above'"></i> | B6: 46235.708 | C6: 8 | D6: 35 | E6: =C6*$B$36*$C$36 -> 3.2
A7: Hot Mat Pilates - Burn<i class ="fa fa-info-circle red-text font-size-16" [matTooltip]="'Some clients attended as session(s) owed'" [matTooltipPosition]="'above'"></i> | B7: 46235.75 | C7: 10 | D7: 35 | E7: =C7*$B$36*$C$36 -> 4
A8: Hot Flow Hard - Yoga | B8: 46235.792 | C8: 5 | D8: 35 | E8: =C8*$B$36*$C$36 -> 2
A9: Hot Mat Pilates-Burn<i class ="fa fa-info-circle red-text font-size-16" [matTooltip]="'Some clients attended as session(s) owed'" [matTooltipPosition]="'above'"></i> | B9: 46266.5 | C9: 11 | D9: 35 | E9: =C9*$B$36*$C$36 -> 4.4
A10: Hot Mat Pilates - Burn | B10: 46357.708 | C10: 10 | D10: 35 | E10: =C10*$B$36*$C$36 -> 4
A11: Hot Mat Pilates - Burn | B11: 13/01/2026 17:00:00 | C11: 9 | D11: 35 | E11: =C11*$B$36*$C$36 -> 3.6
A12: Hot Mat Pilates - Burn<i class ="fa fa-info-circle red-text font-size-16" [matTooltip]="'Some clients attended as session(s) owed'" [matTooltipPosition]="'above'"></i> | B12: 15/01/2026 17:00:00 | C12: 9 | D12: 35 | E12: =C12*$B$36*$C$36 -> 3.6
A13: Hot Mat Pilates - Burn | B13: 15/01/2026 18:00:00 | C13: 7 | D13: 35 | E13: =C13*$B$36*$C$36 -> 2.8
A14: Hot Flow Hard - Yoga<i class ="fa fa-info-circle red-text font-size-16" [matTooltip]="'Some clients attended as session(s) owed'" [matTooltipPosition]="'above'"></i> | B14: 15/01/2026 19:00:00 | C14: 8 | D14: 35 | E14: =C14*$B$36*$C$36 -> 3.2
A15: Hot Mat Pilates-Burn | B15: 16/01/2026 12:00:00 | C15: 10 | D15: 35 | E15: =C15*$B$36*$C$36 -> 4
A16: Hot Mat Pilates - Burn<i class ="fa fa-info-circle red-text font-size-16" [matTooltip]="'Some clients attended as session(s) owed'" [matTooltipPosition]="'above'"></i> | B16: 19/01/2026 17:00:00 | C16: 11 | D16: 35 | E16: =C16*$B$36*$C$36 -> 4.4
A17: Hot Mat Pilates - Burn | B17: 19/01/2026 20:00:00 | C17: 10 | D17: 35 | E17: =C17*$B$36*$C$36 -> 4
A18: Hot Mat Pilates - Burn | B18: 20/01/2026 18:00:00 | C18: 10 | D18: 35 | E18: =C18*$B$36*$C$36 -> 4
A19: Hot Mat Pilates-Burn<i class ="fa fa-info-circle red-text font-size-16" [matTooltip]="'Some clients attended as session(s) owed'" [matTooltipPosition]="'above'"></i> | B19: 22/01/2026 17:00:00 | C19: 10 | D19: 35 | E19: =C19*$B$36*$C$36 -> 4
A20: Hot Mat Pilates - Burn<i class ="fa fa-info-circle red-text font-size-16" [matTooltip]="'Some clients attended as session(s) owed'" [matTooltipPosition]="'above'"></i> | B20: 22/01/2026 18:00:00 | C20: 10 | D20: 35 | E20: =C20*$B$36*$C$36 -> 4
A21: Hot Flow Hard - Yoga | B21: 22/01/2026 19:00:00 | C21: 8 | D21: 35 | E21: =C21*$B$36*$C$36 -> 3.2
A22: Hot Mat Pilates-Burn<i class ="fa fa-info-circle red-text font-size-16" [matTooltip]="'Some clients attended as session(s) owed'" [matTooltipPosition]="'above'"></i> | B22: 23/01/2026 12:00:00 | C22: 8 | D22: 35 | E22: =C22*$B$36*$C$36 -> 3.2
... A29: Hot Mat Pilates-Burn<i class ="fa fa-info-circle red-text font-size-16" [matTooltip]="'Some clients attended as session(s) owed'" [matTooltipPosition]="'above'"></i> | B29: 30/01/2026 12:00:00 | C29: 7 | D29: 35 | E29: =C29*$B$36*$C$36 -> 2.8
A30: Unheated Pilates - Vanessa Kusmierska Lesiak | B30: 19/01/2026 14:00:00 | C30: - | D30: 35 | E30: 0
A31: PT Hot Yoga - Vanessa Kusmierska Lesiak | B31: 26/01/2026 14:00:00 | C31: - | D31: 35 | E31: 0
B33: Total | C33: =SUM(C2:C31) -> 250 | D33: =SUM(D2:D31) -> 1050 | E33: =SUM(E2:E31) -> 100
A36: Bonus | B36: 20 | C36: 0.02

Sheet ClaraNour Bekhazi
A1: Class Name | B1: Date and Time | C1: Attendees Nbr. | D1: Earnings
A2: Hot Sculpt | B2: 46054.458 | C2: 10 | D2: 50
A3: Hot Sculpt <i class ="fa fa-info-circle red-text font-size-16" [matTooltip]="'Some clients attended as session(s) owed'" [matTooltipPosition]="'above'"></i> | B3: 46082.5 | C3: 11 | D3: 50
A4: Hot Sculpt <i class ="fa fa-info-circle red-text font-size-16" [matTooltip]="'Some clients attended as session(s) owed'" [matTooltipPosition]="'above'"></i> | B4: 46143.333 | C4: 11 | D4: 50
A5: Hot Sculpt | B5: 46174.333 | C5: 9 | D5: 50
A6: Hot Sculpt | B6: 13/01/2026 08:00:00 | C6: 8 | D6: 50
A7: Hot Sculpt | B7: 17/01/2026 12:00:00 | C7: 10 | D7: 50
A8: Hot Sculpt | B8: 19/01/2026 08:00:00 | C8: 6 | D8: 50
A9: Hot Sculpt <i class ="fa fa-info-circle red-text font-size-16" [matTooltip]="'Some clients attended as session(s) owed'" [matTooltipPosition]="'above'"></i> | B9: 20/01/2026 08:00:00 | C9: 9 | D9: 50
A10: Hot Sculpt | B10: 22/01/2026 09:00:00 | C10: 10 | D10: 50
A11: Hot Sculpt | B11: 23/01/2026 11:00:00 | C11: 10 | D11: 50
A12: Hot Sculpt <i class ="fa fa-info-circle red-text font-size-16" [matTooltip]="'Some clients attended as session(s) owed'" [matTooltipPosition]="'above'"></i> | B12: 24/01/2026 12:00:00 | C12: 10 | D12: 50
A13: Hot Sculpt | B13: 26/01/2026 08:00:00 | C13: 5 | D13: 50
A14: Hot Sculpt | B14: 26/01/2026 17:00:00 | C14: 9 | D14: 50
A15: Hot Sculpt | B15: 27/01/2026 08:00:00 | C15: 9 | D15: 50
A16: Hot Sculpt | B16: 29/01/2026 09:00:00 | C16: 10 | D16: 50
A17: Hot Sculpt | B17: 29/01/2026 11:00:00 | C17: 10 | D17: 50
... A20: Hot Sculpt <i class ="fa fa-info-circle red-text font-size-16" [matTooltip]="'Some clients attended as session(s) owed'" [matTooltipPosition]="'above'"></i> | B20: 31/01/2026 12:00:00 | C20: 10 | D20: 50
B24: Total | C24: =SUM(C2:C20) -> 177 | D24: =SUM(D2:D21) -> 950
A27: Bonus | B27: 20 | C27: 0.02

Sheet Gise Rodriguez
A1: Class Name | B1: Date and Time | C1: Attendees Nbr. | D1: Earnings | E1: Bonus
A2: Hot Mat Pilates - Move | B2: 29/01/2026 20:00:00 | C2: 10 | D2: 40 | E2: =C2*$B$7*$C$7 -> 4
B3: Total | C3: =SUM(C2) -> 10 | D3: =SUM(D2) -> 40 | E3: =SUM(E2) -> 4
A7: Bonus | B7: 20 | C7: 0.02

Sheet Mayssa Takieddine
A1: Class Name | B1: Date and Time | C1: Attendees Nbr. | D1: Earnings | E1: Bonus
A2: Lagree Mega Pro | B2: 25/01/2026 13:00:00 | C2: 5 | D2: 30 | E2: =C2*$B$10*$C$10 -> 2
A3: Lagree Mega Pro | B3: 25/01/2026 17:00:00 | C3: 7 | D3: 30 | E3: =C3*$B$10*$C$10 -> 2.8
A4: Lagree Mega Pro | B4: 25/01/2026 18:00:00 | C4: 6 | D4: 30 | E4: =C4*$B$10*$C$10 -> 2.4
A5: Lagree Mega Pro | B5: 27/01/2026 09:00:00 | C5: 2 | D5: 30 | E5: =C5*$B$10*$C$10 -> 0.8
B6: Total | C6: =SUM(C2:C5) -> 20 | D6: =SUM(D2:D5) -> 120 | E6: =SUM(E2:E5) -> 8
A10: Bonus | B10: 20 | C10: 0.02

Sheet Laura Tannous
A1: Class Name | B1: Date and Time | C1: Attendees Nbr. | D1: Earnings | E1: Bonus
A2: Lagree Mega Pro | B2: 23/01/2026 09:00:00 | C2: 1 | D2: 27 | E2: =C2*$B$14*$C$14 -> 0.4
A3: Lagree Mega Pro | B3: 29/01/2026 17:00:00 | C3: 2 | D3: 27 | E3: =C3*$B$14*$C$14 -> 0.8
A4: Lagree Mega Pro<i class ="fa fa-info-circle red-text font-size-16" [matTooltip]="'Some clients attended as session(s) owed'" [matTooltipPosition]="'above'"></i> | B4: 29/01/2026 18:00:00 | C4: 4 | D4: 27 | E4: =C4*$B$14*$C$14 -> 1.6
A5: Lagree Mega Pro | B5: 29/01/2026 19:00:00 | C5: 6 | D5: 27 | E5: =C5*$B$14*$C$14 -> 2.4
A6: Lagree Mega Pro | B6: 29/01/2026 21:00:00 | C6: 5 | D6: 27 | E6: =C6*$B$14*$C$14 -> 2
A7: Lagree Mega Pro | B7: 30/01/2026 09:00:00 | C7: 2 | D7: 27 | E7: =C7*$B$14*$C$14 -> 0.8
A8: Lagree Mega Pro <i class ="fa fa-info-circle red-text font-size-16" [matTooltip]="'Some clients attended as session(s) owed'" [matTooltipPosition]="'above'"></i> | B8: 31/01/2026 17:00:00 | C8: 3 | D8: 27 | E8: =C8*$B$14*$C$14 -> 1.2
A9: Lagree Mega Pro <i class ="fa fa-info-circle red-text font-size-16" [matTooltip]="'Some clients attended as session(s) owed'" [matTooltipPosition]="'above'"></i> | B9: 31/01/2026 18:00:00 | C9: 2 | D9: 27 | E9: =C9*$B$14*$C$14 -> 0.8
B10: Total | C10: =SUM(C2:C9) -> 25 | D10: =SUM(D2:D9) -> 216 | E10: =SUM(E2:E9) -> 10
A14: Bonus | B14: 20 | C14: 0.02
